<?xml version="1.0" encoding="UTF-8"?>
<c3p0-config>
 <!-- 去掉一头一尾的 默认配置方式 和需要用户重写的方式 ， 同事复制下上面的4个name-->
 <named-config name="cp30">

		<property name="driverClass">com.mysql.jdbc.Driver</property>
		<property name="jdbcUrl">jdbc:mysql://localhost:3306/librarymanage?useUnicode=true&amp;characterEncoding=utf8</property>
		<property name="user">root</property>
		<property name="password">1994129</property> 
	 <!-- <property name="acquireIncrement">5</property>
	 <property name="initialPoolSize">10</property>
	 <property name="minPoolSize">5</property> -->
   <!-- 当连接池中连接数不够时，c3p0数据源一次性向数据库服务器申请的连接数 
   <property name="acquireIncrement">5</property>
   
   初始化时数据库中连接池的数据
   <property name="initialPoolSize">10</property>
   
   连接池中维护的最少的连接数
   <property name="minPoolSize">5</property>
   
   连接池中维护的最多的连接数
   <property name="maxPoolSize">1000</property>
    
    连接池中最多可以维护的Statement的个数
   <property name="maxStatements">100</property>
   每一个连接最多可以维护的Statement的个数
   <property name="maxStatementsPerConnection">10</property> 
    -->
    <!-- <property name="maxPoolSize">10000</property>
    <property name="maxStatements">100</property>
    <property name="maxStatementsPerConnection">10</property> -->
    
 </named-config>
</c3p0-config> 
 
 
 
 
 
 
 
 
 
 
 

 
 
